INSERT INTO GENRES (NAME) VALUES ('Роман');
INSERT INTO GENRES (NAME) VALUES ('Сказка');
INSERT INTO GENRES (NAME) VALUES ('Комедия');
INSERT INTO GENRES (NAME) VALUES ('Трагедия');
INSERT INTO GENRES (NAME) VALUES ('Пьеса');

INSERT INTO AUTHORS (NAME) VALUES ('Лев Толстой');
INSERT INTO AUTHORS (NAME) VALUES ('Александр Пушкин');
INSERT INTO AUTHORS (NAME) VALUES ('Уильям Шекспир');
INSERT INTO AUTHORS (NAME) VALUES ('Антон Чехов');
INSERT INTO AUTHORS (NAME) VALUES ('Михаил Лермонтов');

INSERT INTO BOOKS (NAME, GENREID) VALUES ('Война и мир', 1);
INSERT INTO BOOKS (NAME, GENREID) VALUES ('Лукоморье', 2);
INSERT INTO BOOKS (NAME, GENREID) VALUES ('Евгений Онегин', 1);
INSERT INTO BOOKS (NAME, GENREID) VALUES ('Много шума из ничего', 3);
INSERT INTO BOOKS (NAME, GENREID) VALUES ('Отелло', 4);
INSERT INTO BOOKS (NAME, GENREID) VALUES ('Вишневый сад', 5);

INSERT INTO BOOKS_AUTHORS (BOOKID, AUTHORID) VALUES (1, 1);
INSERT INTO BOOKS_AUTHORS (BOOKID, AUTHORID) VALUES (2, 2);
INSERT INTO BOOKS_AUTHORS (BOOKID, AUTHORID) VALUES (3, 2);
INSERT INTO BOOKS_AUTHORS (BOOKID, AUTHORID) VALUES (4, 3);
INSERT INTO BOOKS_AUTHORS (BOOKID, AUTHORID) VALUES (5, 3);
INSERT INTO BOOKS_AUTHORS (BOOKID, AUTHORID) VALUES (6, 4);

INSERT INTO BOOKS_AUTHORS (BOOKID, AUTHORID) VALUES (5, 1);
INSERT INTO BOOKS_AUTHORS (BOOKID, AUTHORID) VALUES (6, 1);

INSERT INTO COMMENTS (BOOKID, COMMENT) VALUES (1, 'Super book');
INSERT INTO COMMENTS (BOOKID, COMMENT) VALUES (1, 'No, it''s not fine');

INSERT INTO AUTH_ROLE (ID, SYSNAME, NAME) VALUES (1, 'ROLE_ADMIN', 'Administrator');
INSERT INTO AUTH_ROLE (ID, SYSNAME, NAME) VALUES (2, 'ROLE_USER', 'Simple User');
INSERT INTO AUTH_ROLE (ID, SYSNAME, NAME) VALUES (3, 'ROLE_ROMAN', 'Simple User with genre Roman');
INSERT INTO AUTH_ROLE (ID, SYSNAME, NAME) VALUES (4, 'ROLE_COMEDY', 'Simple User with genre Comedy');

INSERT INTO AUTH_USER (ID, ROLEID, USERNAME, PASSWORD) VALUES (1, 1, 'admin', '$2a$10$8R/UxQ/K/IgX0jeTQQnaqeoes18cRFwa6z4FsKr4daLsav/roPsmm');
INSERT INTO AUTH_USER (ID, ROLEID, USERNAME, PASSWORD) VALUES (2, 2, 'user1', '$2a$10$8R/UxQ/K/IgX0jeTQQnaqeoes18cRFwa6z4FsKr4daLsav/roPsmm');
INSERT INTO AUTH_USER (ID, ROLEID, USERNAME, PASSWORD) VALUES (3, 3, 'user2', '$2a$10$8R/UxQ/K/IgX0jeTQQnaqeoes18cRFwa6z4FsKr4daLsav/roPsmm');
INSERT INTO AUTH_USER (ID, ROLEID, USERNAME, PASSWORD) VALUES (4, 4, 'user3', '$2a$10$8R/UxQ/K/IgX0jeTQQnaqeoes18cRFwa6z4FsKr4daLsav/roPsmm');



INSERT INTO ACL_SID (ID, PRINCIPAL, SID) VALUES
(1, 0, 'ROLE_ADMIN'),
(2, 0, 'ROLE_USER'),
(3, 0, 'ROLE_ROMAN'),
(4, 0, 'ROLE_COMEDY');

INSERT INTO ACL_CLASS (ID, CLASS) VALUES
(1, 'ru.otus.svdovin.homework24.domain.Book');

INSERT INTO ACL_OBJECT_IDENTITY (ID, OBJECT_ID_CLASS, OBJECT_ID_IDENTITY, PARENT_OBJECT, OWNER_SID, ENTRIES_INHERITING) VALUES
(1, 1, 1, NULL, 1, 0),
(2, 1, 2, NULL, 1, 0),
(3, 1, 3, NULL, 1, 0),
(4, 1, 4, NULL, 1, 0),
(5, 1, 5, NULL, 1, 0),
(6, 1, 6, NULL, 1, 0),
(7, 1, 7, NULL, 1, 0),
(8, 1, 8, NULL, 1, 0),
(9, 1, 9, NULL, 1, 0),
(10, 1, 10, NULL, 1, 0),
(11, 1, 11, NULL, 1, 0),
(12, 1, 12, NULL, 1, 0),
(13, 1, 13, NULL, 1, 0),
(14, 1, 14, NULL, 1, 0),
(15, 1, 15, NULL, 1, 0),
(16, 1, 16, NULL, 1, 0),
(17, 1, 17, NULL, 1, 0),
(18, 1, 18, NULL, 1, 0),
(19, 1, 19, NULL, 1, 0),
(20, 1, 20, NULL, 1, 0);

INSERT INTO ACL_ENTRY (ID, ACL_OBJECT_IDENTITY, ACE_ORDER, SID, MASK, GRANTING, AUDIT_SUCCESS, AUDIT_FAILURE) VALUES
(1, 1, 1, 1, 1, 1, 1, 1),
(2, 1, 2, 1, 2, 1, 1, 1),
(3, 1, 3, 2, 1, 1, 1, 1),
(4, 1, 4, 3, 1, 1, 1, 1),
(5, 2, 1, 1, 1, 1, 1, 1),
(6, 2, 2, 1, 2, 1, 1, 1),
(7, 2, 3, 2, 1, 1, 1, 1),
(8, 3, 1, 1, 1, 1, 1, 1),
(9, 3, 2, 1, 2, 1, 1, 1),
(10, 3, 3, 2, 1, 1, 1, 1),
(11, 3, 4, 3, 1, 1, 1, 1),
(12, 4, 1, 1, 1, 1, 1, 1),
(13, 4, 2, 1, 2, 1, 1, 1),
(14, 4, 3, 2, 1, 1, 1, 1),
(15, 4, 4, 4, 1, 1, 1, 1),
(16, 5, 1, 1, 1, 1, 1, 1),
(17, 5, 2, 1, 2, 1, 1, 1),
(18, 5, 3, 2, 1, 1, 1, 1),
(19, 6, 1, 1, 1, 1, 1, 1),
(20, 6, 2, 1, 2, 1, 1, 1),
(21, 6, 3, 2, 1, 1, 1, 1);
